data,coletado_em,comissao,materias
2026-10-02,2026-10-03T06:53:36-03:00,ADM,371
2026-10-02,2026-10-03T06:53:36-03:00,CCJ,2445
2026-10-02,2026-10-03T06:53:36-03:00,ECON,200
2026-10-02,2026-10-03T06:53:36-03:00,EDUC,298
2026-10-02,2026-10-03T06:53:36-03:00,FIN,446
2026-10-02,2026-10-03T06:53:36-03:00,SAUDE,202
2026-10-02,2026-10-03T06:53:36-03:00,URB,156
2026-10-03,2026-10-04T07:39:34-03:00,ADM,371
2026-10-03,2026-10-04T07:39:34-03:00,CCJ,2445
2026-10-03,2026-10-04T07:39:34-03:00,ECON,200
2026-10-03,2026-10-04T07:39:34-03:00,EDUC,298
2026-10-03,2026-10-04T07:39:34-03:00,FIN,446
2026-10-03,2026-10-04T07:39:34-03:00,SAUDE,202
2026-10-03,2026-10-04T07:39:34-03:00,URB,156
2026-10-04,2026-10-04T14:32:19-03:00,ADM,371
2026-10-04,2026-10-04T14:32:19-03:00,CCJ,2445
2026-10-04,2026-10-04T14:32:19-03:00,ECON,200
2026-10-04,2026-10-04T14:32:19-03:00,EDUC,298
2026-10-04,2026-10-04T14:32:19-03:00,FIN,446
2026-10-04,2026-10-04T14:32:19-03:00,SAUDE,202
2026-10-04,2026-10-04T14:32:19-03:00,URB,156
