data,rotulo,tipo,comissao,area,passo,comentario
2026-10-01T10:33:27,PDL 60/2026,interna,EDUC,Relator(a),Assinar Relatório,
2026-10-01T10:40:19,PDL 65/2026,interna,EDUC,Relator(a),Assinar Relatório,
2026-10-01T10:53:03,PL 136/2025,interna,ECON,Relator(a),Assinar Relatório,
2026-10-01T11:03:04,PL 782/2024,interna,ECON,Relator(a),Assinar Relatório,
2026-10-01T11:27:35,PDL 65/2026,interna,EDUC,Secretaria (SGP12),Em Condição de Pauta,
2026-10-01T11:27:45,PDL 60/2026,interna,EDUC,Secretaria (SGP12),Em Condição de Pauta,
2026-10-01T11:34:20,PL 827/2025,interna,FIN,Secretaria (SGP12),Em Condição de Pauta,
2026-10-01T11:34:31,PR 24/2025,interna,FIN,Secretaria (SGP12),Em Condição de Pauta,
2026-10-01T11:34:41,PR 55/2023,interna,FIN,Secretaria (SGP12),Em Condição de Pauta,
2026-10-01T11:50:09,PL 767/2025,interna,EDUC,Relator(a),Assinar Relatório,
2026-10-01T11:57:01,PL 1011/2025,interna,ECON,Relator(a),Assinar Relatório,
2026-10-01T11:58:35,PL 122/2024,interna,ECON,Relator(a),Assinar Relatório,
2026-10-01T12:26:37,PL 84/2022,interna,FIN,Secretaria (SGP12),Em Condição de Pauta,
2026-10-01T12:26:48,PL 431/2023,interna,FIN,Secretaria (SGP12),Em Condição de Pauta,
2026-10-01T12:26:58,PL 626/2019,interna,FIN,Secretaria (SGP12),Em Condição de Pauta,
2026-10-01T12:31:32,PL 53/2026,interna,CCJ,Procuradoria,Para análise e envio ao(à) relator(a),
2026-10-01T12:31:32,PL 53/2026,interna,CCJ,Procuradoria,Para análise e envio ao(à) relator(a),COM INFORMAÇÕES DO EXECUTIVO.
2026-10-01T12:31:33,PL 360/2026,interna,CCJ,Procuradoria,Para análise e envio ao(à) relator(a),
2026-10-01T12:31:33,PL 360/2026,interna,CCJ,Procuradoria,Para análise e envio ao(à) relator(a),COM INFORMAÇÕES DO EXECUTIVO.
2026-10-01T12:31:34,PL 378/2026,interna,CCJ,Procuradoria,Para análise e envio ao(à) relator(a),
2026-10-01T12:31:34,PL 378/2026,interna,CCJ,Procuradoria,Para análise e envio ao(à) relator(a),COM INFORMAÇÕES DO EXECUTIVO.
2026-10-01T12:31:35,PL 429/2026,interna,CCJ,Procuradoria,Para análise e envio ao(à) relator(a),
2026-10-01T12:31:35,PL 429/2026,interna,CCJ,Procuradoria,Para análise e envio ao(à) relator(a),COM INFORMAÇÕES DO EXECUTIVO.
2026-10-01T12:31:36,PL 450/2026,interna,CCJ,Procuradoria,Para análise e envio ao(à) relator(a),
2026-10-01T12:31:36,PL 450/2026,interna,CCJ,Procuradoria,Para análise e envio ao(à) relator(a),COM INFORMAÇÕES DO EXECUTIVO.
2026-10-01T12:31:37,PL 458/2026,interna,CCJ,Procuradoria,Para análise e envio ao(à) relator(a),
2026-10-01T12:31:37,PL 458/2026,interna,CCJ,Procuradoria,Para análise e envio ao(à) relator(a),COM INFORMAÇÕES DO EXECUTIVO.
2026-10-01T12:31:38,PL 503/2026,interna,CCJ,Procuradoria,Para análise e envio ao(à) relator(a),
2026-10-01T12:31:38,PL 503/2026,interna,CCJ,Procuradoria,Para análise e envio ao(à) relator(a),COM INFORMAÇÕES DO EXECUTIVO.
2026-10-01T12:31:39,PL 514/2026,interna,CCJ,Procuradoria,Para análise e envio ao(à) relator(a),
2026-10-01T12:31:39,PL 514/2026,interna,CCJ,Procuradoria,Para análise e envio ao(à) relator(a),COM INFORMAÇÕES DO EXECUTIVO.
2026-10-01T12:31:39,PL 557/2026,interna,CCJ,Procuradoria,Para análise e envio ao(à) relator(a),
2026-10-01T12:31:40,PL 557/2026,interna,CCJ,Procuradoria,Para análise e envio ao(à) relator(a),
2026-10-01T12:31:40,PL 557/2026,interna,CCJ,Procuradoria,Para análise e envio ao(à) relator(a),COM INFORMAÇÕES DO EXECUTIVO.
2026-10-01T12:31:40,PL 586/2026,interna,CCJ,Procuradoria,Para análise e envio ao(à) relator(a),
2026-10-01T12:31:41,PL 586/2026,interna,CCJ,Procuradoria,Para análise e envio ao(à) relator(a),
2026-10-01T12:31:41,PL 586/2026,interna,CCJ,Procuradoria,Para análise e envio ao(à) relator(a),COM INFORMAÇÕES DO EXECUTIVO.
2026-10-01T12:31:41,PL 607/2026,interna,CCJ,Procuradoria,Para análise e envio ao(à) relator(a),
2026-10-01T12:31:42,PL 607/2026,interna,CCJ,Procuradoria,Para análise e envio ao(à) relator(a),
2026-10-01T12:31:42,PL 607/2026,interna,CCJ,Procuradoria,Para análise e envio ao(à) relator(a),COM INFORMAÇÕES DO EXECUTIVO.
2026-10-01T12:31:42,PL 608/2026,interna,CCJ,Procuradoria,Para análise e envio ao(à) relator(a),
2026-10-01T12:31:43,PL 608/2026,interna,CCJ,Procuradoria,Para análise e envio ao(à) relator(a),
2026-10-01T12:31:43,PL 608/2026,interna,CCJ,Procuradoria,Para análise e envio ao(à) relator(a),COM INFORMAÇÕES DO EXECUTIVO.
2026-10-01T12:31:43,PL 609/2026,interna,CCJ,Procuradoria,Para análise e envio ao(à) relator(a),
2026-10-01T12:31:44,PL 1098/2025,interna,CCJ,Procuradoria,Para análise e envio ao(à) relator(a),
2026-10-01T12:31:44,PL 609/2026,interna,CCJ,Procuradoria,Para análise e envio ao(à) relator(a),
2026-10-01T12:31:44,PL 609/2026,interna,CCJ,Procuradoria,Para análise e envio ao(à) relator(a),COM INFORMAÇÕES DO EXECUTIVO.
2026-10-01T12:31:45,PL 1098/2025,interna,CCJ,Procuradoria,Para análise e envio ao(à) relator(a),
2026-10-01T12:31:45,PL 1098/2025,interna,CCJ,Procuradoria,Para análise e envio ao(à) relator(a),COM INFORMAÇÕES DO EXECUTIVO.
2026-10-01T12:31:45,PL 1490/2025,interna,CCJ,Procuradoria,Para análise e envio ao(à) relator(a),
2026-10-01T12:31:46,PL 1490/2025,interna,CCJ,Procuradoria,Para análise e envio ao(à) relator(a),
2026-10-01T12:31:46,PL 1490/2025,interna,CCJ,Procuradoria,Para análise e envio ao(à) relator(a),COM INFORMAÇÕES DO EXECUTIVO.
2026-10-01T12:45:00,PL 41/2026,interna,EDUC,Relator(a),Assinar Relatório,
2026-10-01T13:51:00,PDL 41/2026,interna,EDUC,Presidente da Comissão,Designar Relator,
2026-10-01T13:51:00,PDL 86/2026,interna,EDUC,Presidente da Comissão,Designar Relator,
2026-10-01T13:51:00,PDL 92/2026,interna,EDUC,Presidente da Comissão,Designar Relator,
2026-10-01T13:51:00,PDL 93/2026,interna,EDUC,Presidente da Comissão,Designar Relator,
2026-10-01T13:51:00,PL 238/2026,interna,EDUC,Presidente da Comissão,Designar Relator,
2026-10-01T13:51:00,PL 327/2026,interna,EDUC,Presidente da Comissão,Designar Relator,
2026-10-01T13:51:00,PL 519/2026,interna,EDUC,Presidente da Comissão,Designar Relator,
2026-10-01T13:51:00,PL 534/2026,interna,EDUC,Presidente da Comissão,Designar Relator,
2026-10-01T13:51:00,PL 589/2026,interna,EDUC,Presidente da Comissão,Designar Relator,
2026-10-01T13:51:00,PL 663/2026,interna,EDUC,Presidente da Comissão,Designar Relator,
2026-10-01T14:03:00,PL 752/2026,interna,FIN,Presidente da Comissão,Designar Relator,
2026-10-01T14:17:54,PL 691/2019,interna,ECON,Relator(a),Estudo para manifestação do relator,
2026-10-01T14:35:01,PL 380/2025,interna,URB,Relator(a),Estudo para manifestação do relator,
2026-10-01T15:41:51,PL 513/2026,interna,EDUC,Relator(a),Assinar Relatório,
2026-10-01T15:43:18,PL 362/2026,interna,EDUC,Consultoria (SGP.52),Elaborar Minuta de Relatório,
2026-10-01T15:44:32,PL 182/2026,interna,EDUC,Consultoria (SGP.52),Elaborar Minuta de Relatório,
2026-10-01T15:45:46,PL 24/2026,interna,EDUC,Consultoria (SGP.52),Elaborar Minuta de Relatório,
2026-10-01T15:47:01,PL 10/2026,interna,EDUC,Consultoria (SGP.52),Elaborar Minuta de Relatório,
2026-10-01T15:48:23,PL 7/2026,interna,EDUC,Consultoria (SGP.52),Elaborar Minuta de Relatório,
2026-10-01T15:49:49,PL 1545/2025,interna,EDUC,Consultoria (SGP.52),Elaborar Minuta de Relatório,
2026-10-01T15:50:54,PL 1498/2025,interna,EDUC,Consultoria (SGP.52),Elaborar Minuta de Relatório,
2026-10-01T15:52:08,PL 1280/2025,interna,EDUC,Consultoria (SGP.52),Elaborar Minuta de Relatório,
2026-10-01T15:53:23,PL 1102/2025,interna,EDUC,Consultoria (SGP.52),Elaborar Minuta de Relatório,
2026-10-01T15:54:43,PL 386/2024,interna,EDUC,Consultoria (SGP.52),Elaborar Minuta de Relatório,
2026-10-01T16:35:57,PL 309/2023,interna,EDUC,Relator(a),Estudo para manifestação do relator,
2026-10-01T16:39:13,PL 526/2022,interna,EDUC,Relator(a),Estudo para manifestação do relator,
2026-10-01T16:40:07,PL 36/2026,interna,CCJ,Procuradoria,Aguardando Manifestação do(a) Relator(a),
2026-10-01T16:40:07,PL 36/2026,interna,CCJ,Relator(a),Estudo para manifestação do relator,
2026-10-01T16:40:08,PL 26/2026,interna,CCJ,Procuradoria,Aguardando Manifestação do(a) Relator(a),
2026-10-01T16:40:08,PL 26/2026,interna,CCJ,Relator(a),Estudo para manifestação do relator,
2026-10-01T16:40:09,PL 346/2026,interna,CCJ,Procuradoria,Aguardando Manifestação do(a) Relator(a),
2026-10-01T16:40:09,PL 346/2026,interna,CCJ,Relator(a),Estudo para manifestação do relator,
2026-10-01T16:47:57,PL 41/2026,interna,EDUC,Secretaria (SGP12),Em Condição de Pauta,
2026-10-01T19:40:43,PL 500/2026,interna,EDUC,Relator(a),Assinar Relatório,
2026-10-01T19:43:18,PL 1534/2025,interna,EDUC,Relator(a),Assinar Relatório,
2026-10-02T13:15:59,PDL 142/2025,interna,EDUC,Relator(a),Assinar Relatório,
2026-10-02T13:48:36,PL 728/2026,interna,CCJ,Presidente da Comissão,Assinar Pedido de Informação ao Executivo,
2026-10-02T13:48:36,PL 735/2026,interna,CCJ,Presidente da Comissão,Assinar Pedido de Informação ao Executivo,
2026-10-02T14:21:54,PL 595/2021,interna,URB,Secretaria (SGP12),Aguardando Informações do Executivo,
2026-10-02T14:27:23,PL 1042/2025,interna,URB,Secretaria (SGP12),Aguardando Informações do Executivo,
2026-10-02T15:04:00,PL 619/2026,interna,CCJ,Presidente da Comissão,Designar Relator,
2026-10-02T15:04:00,PL 704/2026,interna,CCJ,Presidente da Comissão,Designar Relator,
2026-10-02T15:04:00,PL 706/2026,interna,CCJ,Presidente da Comissão,Designar Relator,
2026-10-02T18:36:53,PL 431/2026,interna,CCJ,Procuradoria,Aguardando Manifestação do(a) Relator(a),
2026-10-02T18:36:54,PL 431/2026,interna,CCJ,Relator(a),Estudo para manifestação do relator,
2026-10-02T18:36:54,PL 767/2024,interna,CCJ,Procuradoria,Aguardando Manifestação do(a) Relator(a),
2026-10-02T18:36:55,PL 545/2026,interna,CCJ,Procuradoria,Aguardando Manifestação do(a) Relator(a),
2026-10-02T18:36:55,PL 545/2026,interna,CCJ,Relator(a),Estudo para manifestação do relator,
2026-10-02T18:36:55,PL 767/2024,interna,CCJ,Relator(a),Estudo para manifestação do relator,
2026-10-02T18:36:56,PL 564/2026,interna,CCJ,Procuradoria,Aguardando Manifestação do(a) Relator(a),
2026-10-02T18:36:56,PL 564/2026,interna,CCJ,Relator(a),Estudo para manifestação do relator,
2026-10-02T18:36:57,PL 743/2026,interna,CCJ,Procuradoria,Aguardando Manifestação do(a) Relator(a),
2026-10-02T18:36:57,PL 743/2026,interna,CCJ,Relator(a),Estudo para manifestação do relator,
2026-10-02T21:54:07,PL 643/2026,interna,CCJ,Procuradoria,Aguardando Manifestação do(a) Relator(a),
2026-10-02T21:54:07,PL 643/2026,interna,CCJ,Relator(a),Estudo para manifestação do relator,
2026-10-02T21:54:08,PL 424/2026,interna,CCJ,Procuradoria,Aguardando Manifestação do(a) Relator(a),
2026-10-02T21:54:08,PL 658/2026,interna,CCJ,Procuradoria,Aguardando Manifestação do(a) Relator(a),
2026-10-02T21:54:08,PL 658/2026,interna,CCJ,Relator(a),Estudo para manifestação do relator,
2026-10-02T21:54:09,PL 424/2026,interna,CCJ,Relator(a),Estudo para manifestação do relator,
2026-10-02T21:54:09,PL 428/2026,interna,CCJ,Procuradoria,Aguardando Manifestação do(a) Relator(a),
2026-10-02T21:54:10,PL 428/2026,interna,CCJ,Relator(a),Estudo para manifestação do relator,
2026-10-05T10:29:35,PL 728/2026,interna,CCJ,Secretaria (SGP12),Aguardando Elaboração do Ofício SGP-12,
2026-10-05T10:29:35,PL 735/2026,interna,CCJ,Secretaria (SGP12),Aguardando Elaboração do Ofício SGP-12,
2026-10-05T15:19:08,PL 1102/2025,interna,EDUC,Relator(a),Assinar Relatório,
2026-10-05T15:41:38,PL 607/2026,interna,CCJ,Relator(a),Assinar Pedido de Informação ao(à) Autor(a),
2026-10-05T15:43:39,PL 608/2026,interna,CCJ,Relator(a),Assinar Pedido de Informação ao(à) Autor(a),
2026-10-05T16:36:53,PL 1282/2025,interna,EDUC,Relator(a),Estudo para manifestação do relator,
2026-10-05T17:08:03,PL 182/2026,interna,EDUC,Relator(a),Assinar Relatório,
2026-10-05T17:11:38,PL 325/2026,interna,CCJ,Procuradoria,Aguardando Manifestação do(a) Relator(a),
2026-10-05T17:11:39,PL 325/2026,interna,CCJ,Relator(a),Estudo para manifestação do relator,
2026-10-05T17:11:39,PL 402/2026,interna,CCJ,Procuradoria,Aguardando Manifestação do(a) Relator(a),
2026-10-05T17:11:40,PL 227/2024,interna,CCJ,Procuradoria,Aguardando Manifestação do(a) Relator(a),
2026-10-05T17:11:40,PL 402/2026,interna,CCJ,Relator(a),Estudo para manifestação do relator,
2026-10-05T17:11:41,PL 227/2024,interna,CCJ,Relator(a),Estudo para manifestação do relator,
2026-10-05T17:11:41,PL 625/2026,interna,CCJ,Procuradoria,Aguardando Manifestação do(a) Relator(a),
2026-10-05T17:11:42,PL 625/2026,interna,CCJ,Relator(a),Estudo para manifestação do relator,
2026-10-05T17:42:18,DOCREC 979/2026,interna,FIN,Secretaria (SGP12),Em Condição de Pauta,
2026-10-05T18:11:44,PL 24/2026,interna,EDUC,Relator(a),Assinar Relatório,
2026-10-05T18:13:22,PL 1498/2025,interna,EDUC,Relator(a),Assinar Relatório,
2026-10-05T18:15:34,DOCREC 979/2026,interna,FIN,Secretaria (SGP12),Em Condição de Pauta,
2026-10-05T18:15:34,DOCREC 979/2026,interna,FIN,Secretaria (SGP12),Em Condição de Pauta,PRAZO DE VISTAS VENCIDO.
2026-10-05T18:47:53,PL 332/2026,interna,CCJ,Procuradoria,Aguardando Manifestação do(a) Relator(a),
2026-10-05T18:47:53,PL 332/2026,interna,CCJ,Relator(a),Estudo para manifestação do relator,
2026-10-05T18:47:54,PL 1098/2025,interna,CCJ,Procuradoria,Aguardando Manifestação do(a) Relator(a),
2026-10-05T18:47:54,PL 1098/2025,interna,CCJ,Relator(a),Estudo para manifestação do relator,
2026-10-05T18:47:55,PL 378/2026,interna,CCJ,Procuradoria,Aguardando Manifestação do(a) Relator(a),
2026-10-05T18:47:55,PL 378/2026,interna,CCJ,Relator(a),Estudo para manifestação do relator,
2026-10-05T18:47:57,PL 458/2026,interna,CCJ,Procuradoria,Aguardando Manifestação do(a) Relator(a),
2026-10-05T18:47:57,PL 458/2026,interna,CCJ,Relator(a),Estudo para manifestação do relator,
2026-10-05T18:47:58,PL 557/2026,interna,CCJ,Procuradoria,Aguardando Manifestação do(a) Relator(a),
2026-10-05T18:47:58,PL 557/2026,interna,CCJ,Relator(a),Estudo para manifestação do relator,
2026-10-05T19:08:34,PL 626/2019,interna,FIN,Secretaria (SGP12),Em Condição de Pauta,
2026-10-05T19:08:34,PL 626/2019,interna,FIN,Secretaria (SGP12),Em Condição de Pauta,PRAZO DE VISTAS VENCIDO.
2026-10-05T19:10:52,PL 654/2020,interna,FIN,Secretaria (SGP12),Em Condição de Pauta,
2026-10-05T19:10:52,PL 654/2020,interna,FIN,Secretaria (SGP12),Em Condição de Pauta,PRAZO DE VISTAS VENCIDO
2026-10-05T19:11:00,PL 633/2021,interna,FIN,Secretaria (SGP12),Em Condição de Pauta,
2026-10-05T19:11:00,PL 633/2021,interna,FIN,Secretaria (SGP12),Em Condição de Pauta,PRAZO DE VISTAS VENCIDO
2026-10-05T19:11:57,PL 84/2022,interna,FIN,Secretaria (SGP12),Em Condição de Pauta,
2026-10-05T19:11:57,PL 84/2022,interna,FIN,Secretaria (SGP12),Em Condição de Pauta,PRAZO DE VISTAS VENCIDO
2026-10-05T19:12:06,PL 418/2022,interna,FIN,Secretaria (SGP12),Em Condição de Pauta,
2026-10-05T19:12:06,PL 418/2022,interna,FIN,Secretaria (SGP12),Em Condição de Pauta,PRAZO DE VISTAS VENCIDO
2026-10-05T19:13:06,PL 41/2023,interna,FIN,Secretaria (SGP12),Em Condição de Pauta,
2026-10-05T19:13:06,PL 41/2023,interna,FIN,Secretaria (SGP12),Em Condição de Pauta,PRAZO DE VISTAS VENCIDO
2026-10-05T19:13:14,PL 431/2023,interna,FIN,Secretaria (SGP12),Em Condição de Pauta,
2026-10-05T19:13:14,PL 431/2023,interna,FIN,Secretaria (SGP12),Em Condição de Pauta,PRAZO DE VISTAS VENCIDO
2026-10-05T19:13:49,PL 827/2025,interna,FIN,Secretaria (SGP12),Em Condição de Pauta,
2026-10-05T19:13:49,PL 827/2025,interna,FIN,Secretaria (SGP12),Em Condição de Pauta,PRAZO DE VISTAS VENCIDO
2026-10-05T19:14:49,PDL 79/2025,interna,FIN,Secretaria (SGP12),Em Condição de Pauta,
2026-10-05T19:14:49,PDL 79/2025,interna,FIN,Secretaria (SGP12),Em Condição de Pauta,PRAZO DE VISTAS VENCIDO
2026-10-05T19:15:34,PR 55/2023,interna,FIN,Secretaria (SGP12),Em Condição de Pauta,
2026-10-05T19:15:34,PR 55/2023,interna,FIN,Secretaria (SGP12),Em Condição de Pauta,PRAZO DE VISTAS VENCIDO
2026-10-05T19:15:42,PR 24/2025,interna,FIN,Secretaria (SGP12),Em Condição de Pauta,
2026-10-05T19:15:42,PR 24/2025,interna,FIN,Secretaria (SGP12),Em Condição de Pauta,PRAZO DE VISTAS VENCIDO
2026-10-05T19:17:49,PL 1006/2025,interna,FIN,Secretaria (SGP12),Em Condição de Pauta,
2026-10-05T19:17:49,PL 1006/2025,interna,FIN,Secretaria (SGP12),Em Condição de Pauta,PRAZO DE VISTAS VENCIDO
2026-10-05T19:17:57,PL 977/2025,interna,FIN,Secretaria (SGP12),Em Condição de Pauta,
2026-10-05T19:17:57,PL 977/2025,interna,FIN,Secretaria (SGP12),Em Condição de Pauta,PRAZO DE VISTAS VENCIDO
2026-10-05T19:18:05,PL 291/2025,interna,FIN,Secretaria (SGP12),Em Condição de Pauta,
2026-10-05T19:18:05,PL 291/2025,interna,FIN,Secretaria (SGP12),Em Condição de Pauta,PRAZO DE VISTAS VENCIDO
2026-10-05T19:18:13,PL 722/2024,interna,FIN,Secretaria (SGP12),Em Condição de Pauta,
2026-10-05T19:18:13,PL 722/2024,interna,FIN,Secretaria (SGP12),Em Condição de Pauta,PRAZO DE VISTAS VENCIDO
2026-10-06T11:21:52,PL 735/2026,interna,CCJ,Presidente da Câmara,Assinar Ofício SGP-12,
2026-10-06T11:31:31,PL 608/2026,interna,CCJ,Presidente da Comissão,Assinar Pedido de Informação ao(à) Autor(a),
2026-10-06T11:33:51,PL 728/2026,interna,CCJ,Presidente da Câmara,Assinar Ofício SGP-12,
2026-10-06T12:15:13,PL 608/2026,interna,CCJ,Secretaria (SGP12),Pendente de Envio de Pedido de Informação ao(à) Autor(a),
2026-10-06T12:31:51,PL 334/2025,interna,FIN,Consultoria (CTEO.1),Elaborar Minuta de Relatório,
2026-10-06T13:16:54,PL 728/2026,interna,CCJ,Secretaria (SGP.12),Aguardando Resposta do Executivo,
2026-10-06T13:16:54,PL 735/2026,interna,CCJ,Secretaria (SGP.12),Aguardando Resposta do Executivo,
2026-10-06T15:34:22,PL 1280/2025,interna,EDUC,Relator(a),Assinar Relatório,
2026-10-06T15:39:05,PL 10/2026,interna,EDUC,Relator(a),Assinar Relatório,
2026-10-06T15:59:05,PL 7/2026,interna,EDUC,Relator(a),Assinar Relatório,
2026-10-06T16:25:00,PL 1545/2025,interna,EDUC,Relator(a),Assinar Relatório,
2026-10-06T16:38:39,PL 635/2026,interna,CCJ,Procuradoria,Aguardando Manifestação do(a) Relator(a),
2026-10-06T16:38:40,PL 366/2026,interna,CCJ,Procuradoria,Aguardando Manifestação do(a) Relator(a),
2026-10-06T16:38:40,PL 635/2026,interna,CCJ,Relator(a),Estudo para manifestação do relator,
2026-10-06T16:38:41,PL 366/2026,interna,CCJ,Relator(a),Estudo para manifestação do relator,
2026-10-06T16:38:41,PL 416/2026,interna,CCJ,Procuradoria,Aguardando Manifestação do(a) Relator(a),
2026-10-06T16:38:42,PL 416/2026,interna,CCJ,Relator(a),Estudo para manifestação do relator,
2026-10-06T16:38:42,PL 463/2026,interna,CCJ,Procuradoria,Aguardando Manifestação do(a) Relator(a),
2026-10-06T16:38:43,PL 463/2026,interna,CCJ,Relator(a),Estudo para manifestação do relator,
2026-10-06T17:04:12,PL 244/2026,interna,URB,Consultoria (SGP.51),Para análise,
2026-10-06T17:04:12,PL 264/2026,interna,URB,Consultoria (SGP.51),Para análise,
2026-10-06T17:04:12,PL 288/2026,interna,URB,Consultoria (SGP.51),Para análise,
2026-10-06T17:04:12,PL 296/2026,interna,URB,Consultoria (SGP.51),Para análise,
2026-10-06T17:04:12,PL 333/2026,interna,URB,Consultoria (SGP.51),Para análise,
2026-10-06T17:06:32,PL 120/2026,interna,URB,Consultoria (SGP.51),Para análise,
2026-10-06T17:06:32,PL 122/2026,interna,URB,Consultoria (SGP.51),Para análise,
2026-10-06T17:06:32,PL 1463/2025,interna,URB,Consultoria (SGP.51),Para análise,
2026-10-06T17:06:32,PL 385/2026,interna,URB,Secretaria (SGP12),Aguardando Elaboração do Ofício SGP-12,
2026-10-06T17:06:32,PLO 1/2026,interna,URB,Consultoria (SGP.51),Para análise,
2026-10-06T17:06:32,PR 16/2026,interna,URB,Consultoria (SGP.51),Para análise,
2026-10-06T17:09:20,PL 1225/2025,interna,ECON,Consultoria (SGP.53),Elaborar Minuta de Relatório,
2026-10-06T17:16:06,PL 779/2025,interna,ECON,Consultoria (SGP.53),Elaborar Minuta de Relatório,
2026-10-06T17:22:41,PL 531/2025,interna,ECON,Consultoria (SGP.53),Elaborar Minuta de Relatório,
2026-10-06T17:22:44,PL 513/2026,interna,EDUC,Secretaria (SGP12),Em Condição de Pauta,
2026-10-06T17:25:02,PL 408/2023,interna,ECON,Consultoria (SGP.53),Elaborar Minuta de Relatório,
2026-10-06T17:28:06,PL 406/2023,interna,ECON,Consultoria (SGP.53),Elaborar Minuta de Relatório,
2026-10-06T17:30:59,PL 179/2022,interna,ECON,Consultoria (SGP.53),Elaborar Minuta de Relatório,
2026-10-06T17:33:08,PL 570/2020,interna,ECON,Consultoria (SGP.53),Elaborar Minuta de Relatório,
2026-10-06T18:14:21,PL 655/2023,interna,SAUDE,Consultoria (SGP.52),Elaborar Minuta de Relatório,
2026-10-06T18:20:02,PL 758/2021,interna,SAUDE,Consultoria (SGP.52),Elaborar Minuta de Relatório,
2026-10-06T18:31:35,PL 113/2023,interna,EDUC,Presidente da Comissão,Assinar Pedido de Informação ao Executivo,
2026-10-06T18:31:35,PL 158/2023,interna,EDUC,Presidente da Comissão,Assinar Pedido de Informação ao Executivo,
2026-10-06T18:31:35,PL 724/2025,interna,EDUC,Presidente da Comissão,Assinar Pedido de Informação ao Executivo,
2026-10-06T19:03:44,PL 132/2026,interna,EDUC,Relator(a),Assinar Relatório,
2026-10-06T19:03:50,PL 132/2026,interna,EDUC,Relator(a),Assinar Relatório,
2026-10-06T21:22:30,PL 1459/2025,interna,CCJ,Procuradoria,Aguardando Manifestação do(a) Relator(a),
2026-10-06T21:22:30,PL 1499/2025,interna,CCJ,Procuradoria,Aguardando Manifestação do(a) Relator(a),
2026-10-06T21:22:30,PL 1499/2025,interna,CCJ,Relator(a),Estudo para manifestação do relator,
2026-10-06T21:22:31,PL 1459/2025,interna,CCJ,Relator(a),Estudo para manifestação do relator,
2026-10-07T10:42:52,PL 182/2026,interna,EDUC,Secretaria (SGP12),Em Condição de Pauta,
2026-10-07T10:42:59,PDL 142/2025,interna,EDUC,Secretaria (SGP12),Em Condição de Pauta,
2026-10-07T10:43:05,PL 1534/2025,interna,EDUC,Secretaria (SGP12),Em Condição de Pauta,
2026-10-07T10:43:11,PL 500/2026,interna,EDUC,Secretaria (SGP12),Em Condição de Pauta,
2026-10-07T10:44:16,PL 726/2023,interna,SAUDE,Relator(a),Estudo para manifestação do relator,
2026-10-07T11:02:20,PL 179/2022,interna,ECON,Relator(a),Assinar Relatório,
2026-10-07T11:13:00,PL 87/2004,interna,FIN,Secretaria (SGP12),Em Condição de Pauta,
2026-10-07T11:13:08,PL 418/2018,interna,FIN,Secretaria (SGP12),Em Condição de Pauta,
2026-10-07T11:17:32,PL 1001/2025,interna,SAUDE,Relator(a),Estudo para manifestação do relator,
2026-10-07T11:17:45,PL 1225/2025,interna,ECON,Relator(a),Assinar Relatório,
2026-10-07T11:21:00,PL 752/2026,interna,FIN,Consultoria (CTEO.1),Para análise,
2026-10-07T11:30:00,DOCREC 979/2026,interna,FIN,Secretaria (SGP12),Deliberado,
2026-10-07T11:34:28,PL 744/2025,interna,ECON,Relator(a),Assinar Relatório,
2026-10-07T11:38:49,PL 744/2025,interna,ECON,Secretaria (SGP12),Em Condição de Pauta,
2026-10-07T11:54:09,PL 66/2020,interna,SAUDE,Relator(a),Assinar Relatório,
2026-10-07T11:57:05,PL 1463/2025,interna,URB,Relator(a),Estudo para manifestação do relator,
2026-10-07T14:00:00,PDL 60/2026,interna,EDUC,Secretaria (SGP12),Pendente de Votação,
2026-10-07T14:00:00,PDL 64/2026,interna,EDUC,Secretaria (SGP12),Deliberado,
2026-10-07T14:00:00,PDL 65/2026,interna,EDUC,Secretaria (SGP12),Deliberado,
2026-10-07T14:00:00,PDL 80/2026,interna,EDUC,Secretaria (SGP12),Deliberado,
2026-10-07T14:00:00,PDL 94/2026,interna,EDUC,Secretaria (SGP12),Deliberado,
2026-10-07T14:00:00,PL 1009/2025,interna,EDUC,Secretaria (SGP12),Deliberado,
2026-10-07T14:00:00,PL 1023/2025,interna,EDUC,Secretaria (SGP12),Deliberado,
2026-10-07T14:00:00,PL 1108/2025,interna,EDUC,Secretaria (SGP12),Deliberado,
2026-10-07T14:00:00,PL 1141/2025,interna,EDUC,Secretaria (SGP12),Deliberado,
2026-10-07T14:00:00,PL 1273/2025,interna,EDUC,Secretaria (SGP12),Deliberado,
2026-10-07T14:00:00,PL 1305/2025,interna,EDUC,Secretaria (SGP12),Deliberado,
2026-10-07T14:00:00,PL 153/2026,interna,EDUC,Secretaria (SGP12),Deliberado,
2026-10-07T14:00:00,PL 321/2026,interna,EDUC,Secretaria (SGP12),Deliberado,
2026-10-07T14:00:00,PL 330/2021,interna,EDUC,Secretaria (SGP12),Deliberado,
2026-10-07T14:00:00,PL 338/2024,interna,EDUC,Secretaria (SGP12),Deliberado,
2026-10-07T14:00:00,PL 41/2026,interna,EDUC,Secretaria (SGP12),Deliberado,
2026-10-07T14:00:00,PL 412/2022,interna,EDUC,Secretaria (SGP12),Adiado,
2026-10-07T14:00:00,PL 49/2026,interna,EDUC,Secretaria (SGP12),Deliberado,
2026-10-07T14:00:00,PL 493/2026,interna,EDUC,Secretaria (SGP12),Deliberado,
2026-10-07T14:00:00,PL 555/2025,interna,EDUC,Secretaria (SGP12),Deliberado,
2026-10-07T14:00:00,PL 579/2026,interna,EDUC,Secretaria (SGP12),Deliberado,
2026-10-07T14:00:00,PL 61/2026,interna,EDUC,Secretaria (SGP12),Deliberado,
2026-10-07T14:00:00,PL 702/2025,interna,EDUC,Secretaria (SGP12),Deliberado,
2026-10-07T14:00:00,PLO 6/2025,interna,EDUC,Secretaria (SGP12),Deliberado,
2026-10-07T14:00:00,PR 48/2021,interna,EDUC,Secretaria (SGP12),Adiado,
2026-10-07T14:08:19,PL 311/2025,interna,URB,Relator(a),Estudo para manifestação do relator,
2026-10-07T14:15:48,PL 531/2022,interna,URB,Relator(a),Estudo para manifestação do relator,
2026-10-07T14:31:19,PL 679/2024,interna,CCJ,Secretaria (SGP12),Em Condição de Pauta,
2026-10-07T14:31:19,PL 679/2024,interna,CCJ,Secretaria (SGP12),Em Condição de Pauta,PRAZO VENCIDO.
2026-10-07T14:31:53,PL 399/2025,interna,CCJ,Secretaria (SGP12),Em Condição de Pauta,
2026-10-07T14:31:53,PL 399/2025,interna,CCJ,Secretaria (SGP12),Em Condição de Pauta,PRAZO VENCIDO.
2026-10-07T14:32:42,PDL 79/2026,interna,CCJ,Secretaria (SGP12),Em Condição de Pauta,
2026-10-07T14:32:42,PDL 79/2026,interna,CCJ,Secretaria (SGP12),Em Condição de Pauta,PRAZO VENCIDO.
2026-10-07T14:33:21,PDL 84/2026,interna,CCJ,Secretaria (SGP12),Em Condição de Pauta,
2026-10-07T14:33:21,PDL 84/2026,interna,CCJ,Secretaria (SGP12),Em Condição de Pauta,PRAZO VENCIDO.
2026-10-07T14:33:51,PDL 99/2026,interna,CCJ,Secretaria (SGP12),Em Condição de Pauta,
2026-10-07T14:33:51,PDL 99/2026,interna,CCJ,Secretaria (SGP12),Em Condição de Pauta,PRAZO VENCIDO.
2026-10-07T14:34:26,PDL 100/2026,interna,CCJ,Secretaria (SGP12),Em Condição de Pauta,
2026-10-07T14:34:26,PDL 100/2026,interna,CCJ,Secretaria (SGP12),Em Condição de Pauta,PRAZO VENCIDO.
2026-10-07T14:35:58,PL 713/2023,interna,CCJ,Secretaria (SGP12),Em Condição de Pauta,
2026-10-07T14:35:58,PL 713/2023,interna,CCJ,Secretaria (SGP12),Em Condição de Pauta,PRAZO VENCIDO.
2026-10-07T14:36:41,PL 1465/2025,interna,CCJ,Secretaria (SGP12),Em Condição de Pauta,
2026-10-07T14:36:41,PL 1465/2025,interna,CCJ,Secretaria (SGP12),Em Condição de Pauta,PRAZO VENCIDO.
2026-10-07T14:37:17,PL 279/2026,interna,CCJ,Secretaria (SGP12),Em Condição de Pauta,
2026-10-07T14:37:17,PL 279/2026,interna,CCJ,Secretaria (SGP12),Em Condição de Pauta,PRAZO VENCIDO.
2026-10-07T14:37:49,PL 470/2026,interna,CCJ,Secretaria (SGP12),Em Condição de Pauta,
2026-10-07T14:37:49,PL 470/2026,interna,CCJ,Secretaria (SGP12),Em Condição de Pauta,PRAZO VENCIDO.
2026-10-07T14:38:19,PL 473/2026,interna,CCJ,Secretaria (SGP12),Em Condição de Pauta,
2026-10-07T14:38:19,PL 473/2026,interna,CCJ,Secretaria (SGP12),Em Condição de Pauta,PRAZO VENCIDO.
2026-10-07T14:38:50,PL 668/2026,interna,CCJ,Secretaria (SGP12),Em Condição de Pauta,
2026-10-07T14:38:50,PL 668/2026,interna,CCJ,Secretaria (SGP12),Em Condição de Pauta,PRAZO VENCIDO.
2026-10-07T14:39:21,PL 689/2026,interna,CCJ,Secretaria (SGP12),Em Condição de Pauta,
2026-10-07T14:39:21,PL 689/2026,interna,CCJ,Secretaria (SGP12),Em Condição de Pauta,PRAZO VENCIDO.
2026-10-07T14:40:00,PL 18/2026,interna,CCJ,Secretaria (SGP12),Em Condição de Pauta,
2026-10-07T14:40:00,PL 18/2026,interna,CCJ,Secretaria (SGP12),Em Condição de Pauta,PRAZO VENCIDO. COM INFORMAÇÕES DO EXECUTIVO.
2026-10-07T14:40:42,PL 505/2026,interna,CCJ,Secretaria (SGP12),Em Condição de Pauta,
2026-10-07T14:40:42,PL 505/2026,interna,CCJ,Secretaria (SGP12),Em Condição de Pauta,PRAZO VENCIDO. COM INFORMAÇÕES DO EXECUTIVO.
2026-10-07T14:41:43,PL 992/2025,interna,CCJ,Secretaria (SGP12),Em Condição de Pauta,
2026-10-07T14:41:43,PL 992/2025,interna,CCJ,Secretaria (SGP12),Em Condição de Pauta,PRAZO VENCIDO.
2026-10-07T14:42:51,PL 1270/2025,interna,CCJ,Secretaria (SGP12),Em Condição de Pauta,
2026-10-07T14:42:51,PL 1270/2025,interna,CCJ,Secretaria (SGP12),Em Condição de Pauta,PRAZO VENCIDO.
2026-10-07T14:43:23,PL 1316/2025,interna,CCJ,Secretaria (SGP12),Em Condição de Pauta,
2026-10-07T14:43:23,PL 1316/2025,interna,CCJ,Secretaria (SGP12),Em Condição de Pauta,PRAZO VENCIDO.
2026-10-07T14:43:59,PL 1346/2025,interna,CCJ,Secretaria (SGP12),Em Condição de Pauta,
2026-10-07T14:43:59,PL 1346/2025,interna,CCJ,Secretaria (SGP12),Em Condição de Pauta,PRAZO VENCIDO.
2026-10-07T14:44:32,PL 1415/2025,interna,CCJ,Secretaria (SGP12),Em Condição de Pauta,
2026-10-07T14:44:32,PL 1415/2025,interna,CCJ,Secretaria (SGP12),Em Condição de Pauta,PRAZO VENCIDO.
2026-10-07T14:45:07,PL 1508/2025,interna,CCJ,Secretaria (SGP12),Em Condição de Pauta,
2026-10-07T14:45:07,PL 1508/2025,interna,CCJ,Secretaria (SGP12),Em Condição de Pauta,PRAZO VENCIDO.
2026-10-07T14:45:59,PL 1551/2025,interna,CCJ,Secretaria (SGP12),Em Condição de Pauta,
2026-10-07T14:45:59,PL 1551/2025,interna,CCJ,Secretaria (SGP12),Em Condição de Pauta,PRAZO VENCIDO.
2026-10-07T14:46:29,PL 74/2026,interna,CCJ,Secretaria (SGP12),Em Condição de Pauta,
2026-10-07T14:46:29,PL 74/2026,interna,CCJ,Secretaria (SGP12),Em Condição de Pauta,PRAZO VENCIDO.
2026-10-07T14:47:01,PL 328/2026,interna,CCJ,Secretaria (SGP12),Em Condição de Pauta,
2026-10-07T14:47:01,PL 328/2026,interna,CCJ,Secretaria (SGP12),Em Condição de Pauta,PRAZO VENCIDO.
2026-10-07T14:47:37,PL 352/2026,interna,CCJ,Secretaria (SGP12),Em Condição de Pauta,
2026-10-07T14:47:37,PL 352/2026,interna,CCJ,Secretaria (SGP12),Em Condição de Pauta,PRAZO VENCIDO.
2026-10-07T14:48:09,PL 400/2026,interna,CCJ,Secretaria (SGP12),Em Condição de Pauta,
2026-10-07T14:48:09,PL 400/2026,interna,CCJ,Secretaria (SGP12),Em Condição de Pauta,PRAZO VENCIDO.
2026-10-07T14:48:42,PL 404/2026,interna,CCJ,Secretaria (SGP12),Em Condição de Pauta,
2026-10-07T14:48:42,PL 404/2026,interna,CCJ,Secretaria (SGP12),Em Condição de Pauta,PRAZO VENCIDO.
2026-10-07T14:49:34,PR 26/2026,interna,CCJ,Secretaria (SGP12),Em Condição de Pauta,
2026-10-07T14:49:34,PR 26/2026,interna,CCJ,Secretaria (SGP12),Em Condição de Pauta,PRAZO VENCIDO.
2026-10-07T14:50:12,PLO 1/2021,interna,CCJ,Secretaria (SGP12),Em Condição de Pauta,
2026-10-07T14:50:12,PLO 1/2021,interna,CCJ,Secretaria (SGP12),Em Condição de Pauta,PRAZO VENCIDO.
2026-10-07T14:50:44,PLO 2/2024,interna,CCJ,Secretaria (SGP12),Em Condição de Pauta,
2026-10-07T14:50:44,PLO 2/2024,interna,CCJ,Secretaria (SGP12),Em Condição de Pauta,PRAZO VENCIDO.
2026-10-07T14:51:28,PLO 11/2025,interna,CCJ,Secretaria (SGP12),Em Condição de Pauta,
2026-10-07T14:51:28,PLO 11/2025,interna,CCJ,Secretaria (SGP12),Em Condição de Pauta,PRAZO VENCIDO.
2026-10-07T14:53:36,PL 426/2026,interna,CCJ,Secretaria (SGP12),Em Condição de Pauta,
2026-10-07T14:53:36,PL 426/2026,interna,CCJ,Secretaria (SGP12),Em Condição de Pauta,"PL 338/2022 - AUTORES: JULIANA CARDOSO (PT) E PROFESSOR TONINHO VESPOLI (PSOL) - DISPÕE SOBRE ALTERAÇÃO A LEI MUNICIPAL Nº 13.766/2004 REGULADA PELO DECRETO 50.564/2009. (TRATA DA ALTERAÇÃO DO ARTIGO 13º DESTA LEI, REFERENTE AOS DEPENDENTES DOS SERVIDORES MUNICIPAIS PARA OS SERVIÇOS DE ASSISTÊNCIA MÉDICA, HOSPITALAR, DOMICILIAR, ODONTOLÓGICA E FARMACÊUTICA DO HSPM). PRAZO VENCIDO."
2026-10-07T14:53:56,PL 426/2026,interna,CCJ,Secretaria (SGP12),Em Condição de Pauta,
2026-10-07T14:53:56,PL 426/2026,interna,CCJ,Secretaria (SGP12),Em Condição de Pauta,"PL 338/2022 - AUTORES: JULIANA CARDOSO (PT) E PROFESSOR TONINHO VESPOLI (PSOL) - DISPÕE SOBRE ALTERAÇÃO A LEI MUNICIPAL Nº 13.766/2004 REGULADA PELO DECRETO 50.564/2009. (TRATA DA ALTERAÇÃO DO ARTIGO 13º DESTA LEI, REFERENTE AOS DEPENDENTES DOS SERVIDORES MUNICIPAIS PARA OS SERVIÇOS DE ASSISTÊNCIA MÉDICA, HOSPITALAR, DOMICILIAR, ODONTOLÓGICA E FARMACÊUTICA DO HSPM). PRAZO VENCIDO."
2026-10-07T14:56:32,PL 471/2026,interna,CCJ,Secretaria (SGP12),Em Condição de Pauta,
2026-10-07T14:56:32,PL 471/2026,interna,CCJ,Secretaria (SGP12),Em Condição de Pauta,"PL 410/2019 - AUTORES: CAIO MIRANDA CARNEIRO (UNIÃO) E OUTROS - DISPÕE SOBRE A OBRIGATORIEDADE DA DESTINAÇÃO AMBIENTALMENTE ADEQUADA E RESPONSÁVEL DE RESÍDUOS SÓLIDOS ORGÂNICOS E INORGÂNICOS CLASSIFICADOS COMO APROVEITÁVEIS NO MUNICÍPIO DE SÃO PAULO, E DÁ OUTRAS PROVIDÊNCIAS. PRAZO VENCIDO."
2026-10-07T15:06:11,PL 533/2026,interna,CCJ,Secretaria (SGP12),Em Condição de Pauta,
2026-10-07T15:06:11,PL 533/2026,interna,CCJ,Secretaria (SGP12),Em Condição de Pauta,PL 785/2023 - AUTORA: LUANA ALVES (PSOL) - DISPÕE SOBRE DISTRIBUIÇÃO DE MERENDA DURANTE AS FÉRIAS ESCOLARES. PRAZO VENCIDO.
2026-10-07T15:07:39,PL 548/2026,interna,CCJ,Secretaria (SGP12),Em Condição de Pauta,
2026-10-07T15:07:39,PL 548/2026,interna,CCJ,Secretaria (SGP12),Em Condição de Pauta,"PL 632/2025 - AUTORES: RICARDO TEIXEIRA (UNIÃO) E SILVINHO LEITE (UNIÃO) - TRATA DA DISPONIBILIZAÇÃO DA ESPECIALIDADE DE GERONTOLOGIA NA REDE MUNICIPAL, A SER IMPLANTADA NOS AMBULATÓRIOS, POSTOS DE SAÚDE E UNIDADES DE REFERÊNCIA À SAÚDE DO IDOSO (URSI), DANDO AINDA OUTRAS PROVIDÊNCIAS. PRAZO VENCIDO."
2026-10-07T15:10:32,PL 627/2026,interna,CCJ,Secretaria (SGP12),Em Condição de Pauta,
2026-10-07T15:10:32,PL 627/2026,interna,CCJ,Secretaria (SGP12),Em Condição de Pauta,PL 693/2025 - AUTORES: ADRILLES JORGE (UNIÃO) E SILVINHO LEITE (UNIÃO) - DISPÕE SOBRE A UTILIZAÇÃO DE DISPOSITIVOS SONOROS INTERNOS NOS VEÍCULOS DE TRANSPORTE PÚBLICO COLETIVO PARA INFORMAR PESSOAS COM DEFICIÊNCIA VISUAL SOBRE OS PONTOS DE PARADA.
2026-10-07T15:10:52,PL 627/2026,interna,CCJ,Secretaria (SGP12),Em Condição de Pauta,
2026-10-07T15:10:52,PL 627/2026,interna,CCJ,Secretaria (SGP12),Em Condição de Pauta,PL 693/2025 - AUTORES: ADRILLES JORGE (UNIÃO) E SILVINHO LEITE (UNIÃO) - DISPÕE SOBRE A UTILIZAÇÃO DE DISPOSITIVOS SONOROS INTERNOS NOS VEÍCULOS DE TRANSPORTE PÚBLICO COLETIVO PARA INFORMAR PESSOAS COM DEFICIÊNCIA VISUAL SOBRE OS PONTOS DE PARADA. PRAZO VENCIDO.
2026-10-07T15:13:57,PL 667/2026,interna,CCJ,Secretaria (SGP12),Em Condição de Pauta,
2026-10-07T15:13:57,PL 667/2026,interna,CCJ,Secretaria (SGP12),Em Condição de Pauta,"PL 830/2025 - AUTORES: KENJI ITO (PODE) E RICARDO TEIXEIRA (UNIÃO) - ALTERA A LEI 17.320 DE 2020, QUE DISPÕE SOBRE SOBRE CONCESSÃO DE AUXÍLIO-ALUGUEL ÀS MULHERES VÍTIMAS DE VIOLÊNCIA DOMÉSTICA, NO MUNICÍPIO DE SÃO PAULO, E DÁ OUTRAS PROVIDÊNCIAS. PRAZO VENCIDO."
2026-10-07T16:11:21,PL 114/2023,interna,ECON,Relator(a),Assinar Relatório,
2026-10-07T16:34:39,PL 20/2026,interna,CCJ,Procuradoria,Aguardando Manifestação do(a) Relator(a),
2026-10-07T16:34:40,PL 20/2026,interna,CCJ,Relator(a),Estudo para manifestação do relator,
2026-10-07T16:34:40,PL 405/2026,interna,CCJ,Procuradoria,Aguardando Manifestação do(a) Relator(a),
2026-10-07T16:34:41,PL 405/2026,interna,CCJ,Relator(a),Estudo para manifestação do relator,
2026-10-07T16:34:41,PL 889/2025,interna,CCJ,Procuradoria,Aguardando Manifestação do(a) Relator(a),
2026-10-07T16:34:42,PL 889/2025,interna,CCJ,Relator(a),Estudo para manifestação do relator,
2026-10-07T17:16:56,PL 752/2026,interna,FIN,Secretaria (SGP12),Aguardando Audiência Pública,
2026-10-07T17:19:39,PL 416/2026,interna,CCJ,Secretaria (SGP12),Em Condição de Pauta,
2026-10-07T17:26:23,PL 396/2026,interna,CCJ,Secretaria (SGP12),Em Condição de Pauta,
2026-10-07T17:30:58,PL 767/2024,interna,CCJ,Secretaria (SGP12),Em Condição de Pauta,
2026-10-07T17:46:22,PL 153/2025,interna,EDUC,Relator(a),Assinar Relatório,
2026-10-07T17:47:52,PL 1565/2025,interna,CCJ,Secretaria (SGP12),Em Condição de Pauta,
2026-10-07T17:48:06,DOCREC 979/2026,interna,FIN,Secretaria (SGP12),Publicar Parecer,
2026-10-07T17:52:49,PL 1223/2025,interna,CCJ,Secretaria (SGP12),Em Condição de Pauta,
2026-10-07T17:54:31,PL 702/2025,interna,EDUC,Secretaria (SGP12),Publicar Parecer,
2026-10-07T17:55:34,PL 31/2026,interna,CCJ,Secretaria (SGP12),Em Condição de Pauta,
2026-10-07T17:55:35,PL 61/2026,interna,EDUC,Secretaria (SGP12),Publicar Parecer,
2026-10-07T17:55:57,PLO 6/2025,interna,EDUC,Secretaria (SGP12),Publicar Parecer,
2026-10-07T17:56:16,PL 330/2021,interna,EDUC,Secretaria (SGP12),Publicar Parecer,
2026-10-07T17:56:38,PL 41/2026,interna,EDUC,Secretaria (SGP12),Publicar Parecer,
2026-10-07T17:57:16,PL 338/2024,interna,EDUC,Secretaria (SGP12),Publicar Parecer,
2026-10-07T17:57:39,PL 555/2025,interna,EDUC,Secretaria (SGP12),Publicar Parecer,
2026-10-07T17:57:56,PDL 64/2026,interna,EDUC,Secretaria (SGP12),Publicar Parecer,
2026-10-07T17:58:19,PDL 80/2026,interna,EDUC,Secretaria (SGP12),Publicar Parecer,
2026-10-07T17:58:39,PDL 94/2026,interna,EDUC,Secretaria (SGP12),Publicar Parecer,
2026-10-07T17:59:08,PDL 65/2026,interna,EDUC,Secretaria (SGP12),Publicar Parecer,
2026-10-07T17:59:31,PL 321/2026,interna,EDUC,Secretaria (SGP12),Publicar Parecer,
2026-10-07T17:59:51,PL 493/2026,interna,EDUC,Secretaria (SGP12),Publicar Parecer,
2026-10-07T18:00:14,PL 1273/2025,interna,EDUC,Secretaria (SGP12),Publicar Parecer,
2026-10-07T18:00:51,PL 1305/2025,interna,EDUC,Secretaria (SGP12),Publicar Parecer,
2026-10-07T18:01:09,PL 49/2026,interna,EDUC,Secretaria (SGP12),Publicar Parecer,
2026-10-07T18:01:24,PL 1023/2025,interna,EDUC,Secretaria (SGP12),Publicar Parecer,
2026-10-07T18:01:41,PL 579/2026,interna,EDUC,Secretaria (SGP12),Publicar Parecer,
2026-10-07T18:02:10,PL 1009/2025,interna,EDUC,Secretaria (SGP12),Publicar Parecer,
2026-10-07T18:02:37,PL 1108/2025,interna,EDUC,Secretaria (SGP12),Publicar Parecer,
2026-10-07T18:02:54,PL 1141/2025,interna,EDUC,Secretaria (SGP12),Publicar Parecer,
2026-10-07T18:03:16,PL 153/2026,interna,EDUC,Secretaria (SGP12),Publicar Parecer,
2026-10-07T18:03:47,PL 338/2024,interna,EDUC,Presidente da Comissão,Assinar Certidão de Votação,
2026-10-07T18:03:49,PL 555/2025,interna,EDUC,Presidente da Comissão,Assinar Certidão de Votação,
2026-10-07T18:03:51,PDL 64/2026,interna,EDUC,Presidente da Comissão,Assinar Certidão de Votação,
2026-10-07T18:03:53,PDL 80/2026,interna,EDUC,Presidente da Comissão,Assinar Certidão de Votação,
2026-10-07T18:03:54,PDL 94/2026,interna,EDUC,Presidente da Comissão,Assinar Certidão de Votação,
2026-10-07T18:03:56,PDL 65/2026,interna,EDUC,Presidente da Comissão,Assinar Certidão de Votação,
2026-10-07T18:03:58,PL 702/2025,interna,EDUC,Presidente da Comissão,Assinar Certidão de Votação,
2026-10-07T18:03:59,PL 61/2026,interna,EDUC,Presidente da Comissão,Assinar Certidão de Votação,
2026-10-07T18:04:01,PLO 6/2025,interna,EDUC,Presidente da Comissão,Assinar Certidão de Votação,
2026-10-07T18:04:03,PL 330/2021,interna,EDUC,Presidente da Comissão,Assinar Certidão de Votação,
2026-10-07T18:04:05,PL 41/2026,interna,EDUC,Presidente da Comissão,Assinar Certidão de Votação,
2026-10-07T18:04:07,PL 321/2026,interna,EDUC,Presidente da Comissão,Assinar Certidão de Votação,
2026-10-07T18:04:09,PL 493/2026,interna,EDUC,Presidente da Comissão,Assinar Certidão de Votação,
2026-10-07T18:04:10,PL 1273/2025,interna,EDUC,Presidente da Comissão,Assinar Certidão de Votação,
2026-10-07T18:04:12,PL 1305/2025,interna,EDUC,Presidente da Comissão,Assinar Certidão de Votação,
2026-10-07T18:04:14,PL 49/2026,interna,EDUC,Presidente da Comissão,Assinar Certidão de Votação,
2026-10-07T18:04:16,PL 1023/2025,interna,EDUC,Presidente da Comissão,Assinar Certidão de Votação,
2026-10-07T18:04:17,PL 579/2026,interna,EDUC,Presidente da Comissão,Assinar Certidão de Votação,
2026-10-07T18:04:19,PL 1009/2025,interna,EDUC,Presidente da Comissão,Assinar Certidão de Votação,
2026-10-07T18:04:21,PL 1108/2025,interna,EDUC,Presidente da Comissão,Assinar Certidão de Votação,
2026-10-07T18:04:22,PL 1141/2025,interna,EDUC,Presidente da Comissão,Assinar Certidão de Votação,
2026-10-07T18:04:24,PL 153/2026,interna,EDUC,Presidente da Comissão,Assinar Certidão de Votação,
2026-10-07T18:37:56,PR 16/2026,interna,URB,Relator(a),Estudo para manifestação do relator,
2026-10-07T18:38:00,PL 1211/2025,interna,CCJ,Procuradoria,Aguardando Manifestação do(a) Relator(a),
2026-10-07T18:38:01,PL 1211/2025,interna,CCJ,Relator(a),Estudo para manifestação do relator,
2026-10-07T18:38:57,PL 752/2026,interna,FIN,Secretaria (SGP12),Aguardando Notas Taquigráficas,
2026-10-07T18:49:54,PL 752/2026,interna,FIN,Secretaria (SGP12),Aguardando Notas Taquigráficas,
2026-10-07T18:52:59,PL 752/2026,interna,FIN,Secretaria (SGP12),Aguardando Notas Taquigráficas,
2026-10-07T18:52:59,PL 752/2026,interna,FIN,Secretaria (SGP12),Aguardando Notas Taquigráficas,"1ª Audiência Pública Temática: Mobilidade

Convidados:
- Secretaria Municipal de Subprefeituras 
- Secretaria Municipal de Mobilidade Urbana e Transportes
- SPTrans
- CET"
2026-10-07T18:56:16,PR 48/2021,interna,EDUC,Secretaria (SGP12),Adiado,
2026-10-07T18:56:16,PR 48/2021,interna,EDUC,Secretaria (SGP12),Adiado,ADIADO POR 5 REUNIÕES EM 07/10. VOLTA NA 19ª R.O.
2026-10-07T19:00:17,PL 412/2022,interna,EDUC,Secretaria (SGP12),Adiado,
2026-10-07T19:00:17,PL 412/2022,interna,EDUC,Secretaria (SGP12),Adiado,ADIADO POR 4 SESSÕES EM 07/10. VOLTA NA 18ª R.O.
2026-10-07T19:02:13,PDL 60/2026,interna,EDUC,Secretaria (SGP12),Pendente de Votação,
2026-10-07T19:02:13,PDL 60/2026,interna,EDUC,Secretaria (SGP12),Pendente de Votação,PENDENTE DE VOTAÇÃO NA 14ª R.O.
2026-10-08T09:24:10,PDL 115/2024,interna,EDUC,Relator(a),Estudo para manifestação do relator,
2026-10-08T09:27:53,PL 365/2025,interna,EDUC,Relator(a),Estudo para manifestação do relator,
2026-10-08T09:30:43,PL 556/2025,interna,EDUC,Relator(a),Estudo para manifestação do relator,
2026-10-08T09:35:39,PL 523/2026,interna,EDUC,Relator(a),Estudo para manifestação do relator,
2026-10-08T10:15:52,PL 362/2026,interna,EDUC,Relator(a),Assinar Relatório,
2026-10-08T10:17:46,PL 386/2024,interna,EDUC,Relator(a),Assinar Relatório,
2026-10-08T10:18:35,PL 153/2025,interna,EDUC,Secretaria (SGP12),Em Condição de Pauta,
2026-10-08T11:22:22,PL 731/2017,interna,FIN,Consultoria,Para análise,
2026-10-08T11:22:22,PL 731/2017,interna,FIN,Consultoria,Para análise,PRAZO DE VISTAS VENCIDO. HÁ INFORMAÇÕES DO EXECUTIVO.
2026-10-08T13:23:01,PL 244/2026,interna,URB,Relator(a),Estudo para manifestação do relator,
2026-10-08T14:44:45,PL 195/2019,interna,FIN,Relator(a),Estudo para manifestação do relator,
2026-10-08T14:47:35,PL 292/2019,interna,FIN,Relator(a),Estudo para manifestação do relator,
2026-10-08T14:48:17,PL 125/2026,interna,SAUDE,Relator(a),Estudo para manifestação do relator,
2026-10-08T14:50:29,PL 545/2022,interna,FIN,Relator(a),Estudo para manifestação do relator,
2026-10-08T14:54:37,PL 591/2021,interna,FIN,Relator(a),Estudo para manifestação do relator,
2026-10-08T14:57:07,PR 26/2024,interna,FIN,Relator(a),Estudo para manifestação do relator,
2026-10-08T14:59:06,PL 339/2026,interna,CCJ,Procuradoria,Para análise e envio ao(à) relator(a),
2026-10-08T14:59:09,PL 339/2026,interna,CCJ,Procuradoria,Para análise e envio ao(à) relator(a),
2026-10-08T14:59:09,PL 339/2026,interna,CCJ,Procuradoria,Para análise e envio ao(à) relator(a),COM INFORMAÇÕES DO EXECUTIVO.
2026-10-08T14:59:10,PL 507/2026,interna,CCJ,Procuradoria,Para análise e envio ao(à) relator(a),
2026-10-08T14:59:11,PL 507/2026,interna,CCJ,Procuradoria,Para análise e envio ao(à) relator(a),
2026-10-08T14:59:11,PL 507/2026,interna,CCJ,Procuradoria,Para análise e envio ao(à) relator(a),COM INFORMAÇÕES DO EXECUTIVO.
2026-10-08T14:59:12,PL 560/2026,interna,CCJ,Procuradoria,Para análise e envio ao(à) relator(a),
2026-10-08T14:59:13,PL 560/2026,interna,CCJ,Procuradoria,Para análise e envio ao(à) relator(a),
2026-10-08T14:59:13,PL 560/2026,interna,CCJ,Procuradoria,Para análise e envio ao(à) relator(a),COM INFORMAÇÕES DO EXECUTIVO.
2026-10-08T14:59:13,PL 582/2026,interna,CCJ,Procuradoria,Para análise e envio ao(à) relator(a),
2026-10-08T14:59:14,PL 582/2026,interna,CCJ,Procuradoria,Para análise e envio ao(à) relator(a),
2026-10-08T14:59:14,PL 582/2026,interna,CCJ,Procuradoria,Para análise e envio ao(à) relator(a),COM INFORMAÇÕES DO EXECUTIVO.
2026-10-08T14:59:15,PL 613/2026,interna,CCJ,Procuradoria,Para análise e envio ao(à) relator(a),
2026-10-08T14:59:15,PL 613/2026,interna,CCJ,Procuradoria,Para análise e envio ao(à) relator(a),COM INFORMAÇÕES DO EXECUTIVO.
2026-10-08T14:59:16,PL 614/2026,interna,CCJ,Procuradoria,Para análise e envio ao(à) relator(a),
2026-10-08T14:59:16,PL 614/2026,interna,CCJ,Procuradoria,Para análise e envio ao(à) relator(a),COM INFORMAÇÕES DO EXECUTIVO.
2026-10-08T14:59:17,PL 615/2026,interna,CCJ,Procuradoria,Para análise e envio ao(à) relator(a),
2026-10-08T14:59:18,PL 615/2026,interna,CCJ,Procuradoria,Para análise e envio ao(à) relator(a),
2026-10-08T14:59:18,PL 615/2026,interna,CCJ,Procuradoria,Para análise e envio ao(à) relator(a),COM INFORMAÇÕES DO EXECUTIVO.
2026-10-08T14:59:18,PL 616/2026,interna,CCJ,Procuradoria,Para análise e envio ao(à) relator(a),
2026-10-08T14:59:19,PL 616/2026,interna,CCJ,Procuradoria,Para análise e envio ao(à) relator(a),
2026-10-08T14:59:19,PL 616/2026,interna,CCJ,Procuradoria,Para análise e envio ao(à) relator(a),COM INFORMAÇÕES DO EXECUTIVO.
2026-10-08T14:59:20,PL 450/2022,interna,CCJ,Procuradoria,Para análise e envio ao(à) relator(a),
2026-10-08T14:59:20,PL 450/2022,interna,CCJ,Procuradoria,Para análise e envio ao(à) relator(a),COM INFORMAÇÕES DO EXECUTIVO.
2026-10-08T15:00:17,PL 408/2025,interna,FIN,Relator(a),Estudo para manifestação do relator,
2026-10-08T15:04:13,PL 156/2022,interna,FIN,Relator(a),Estudo para manifestação do relator,
2026-10-08T15:06:39,PL 95/2021,interna,FIN,Relator(a),Estudo para manifestação do relator,
2026-10-08T15:09:03,PL 84/2020,interna,FIN,Relator(a),Estudo para manifestação do relator,
2026-10-08T15:11:08,PL 269/2021,interna,FIN,Relator(a),Estudo para manifestação do relator,
2026-10-08T15:13:28,PL 130/2023,interna,FIN,Relator(a),Estudo para manifestação do relator,
2026-10-08T15:15:10,PL 113/2023,interna,EDUC,Secretaria (SGP12),Aguardando Elaboração do Ofício SGP-12,
2026-10-08T15:15:41,PL 737/2023,interna,FIN,Relator(a),Estudo para manifestação do relator,
2026-10-08T15:17:39,PL 108/2024,interna,FIN,Relator(a),Estudo para manifestação do relator,
2026-10-08T15:19:59,PL 194/2025,interna,FIN,Relator(a),Estudo para manifestação do relator,
2026-10-08T15:22:17,PL 511/2025,interna,FIN,Relator(a),Estudo para manifestação do relator,
2026-10-08T15:24:12,PL 644/2025,interna,FIN,Relator(a),Estudo para manifestação do relator,
2026-10-08T15:26:06,PL 711/2025,interna,FIN,Relator(a),Estudo para manifestação do relator,
2026-10-08T15:28:51,PL 940/2025,interna,FIN,Relator(a),Estudo para manifestação do relator,
2026-10-08T15:31:55,PL 1092/2025,interna,FIN,Relator(a),Estudo para manifestação do relator,
2026-10-08T15:33:48,PL 1125/2025,interna,FIN,Relator(a),Estudo para manifestação do relator,
2026-10-08T15:36:08,PL 1143/2025,interna,FIN,Relator(a),Estudo para manifestação do relator,
2026-10-08T15:38:17,PL 1213/2025,interna,FIN,Relator(a),Estudo para manifestação do relator,
2026-10-08T15:40:21,PL 1279/2025,interna,FIN,Relator(a),Estudo para manifestação do relator,
2026-10-08T15:43:04,PL 1366/2025,interna,FIN,Relator(a),Estudo para manifestação do relator,
2026-10-08T15:44:59,PL 1393/2025,interna,FIN,Relator(a),Estudo para manifestação do relator,
2026-10-08T15:46:47,PL 25/2026,interna,FIN,Relator(a),Estudo para manifestação do relator,
2026-10-08T15:48:22,PL 47/2026,interna,FIN,Relator(a),Estudo para manifestação do relator,
2026-10-08T15:50:07,PL 60/2026,interna,FIN,Relator(a),Estudo para manifestação do relator,
2026-10-08T15:51:55,PL 86/2026,interna,FIN,Relator(a),Estudo para manifestação do relator,
2026-10-08T15:53:23,PL 92/2026,interna,FIN,Relator(a),Estudo para manifestação do relator,
2026-10-08T15:55:11,PL 134/2026,interna,FIN,Relator(a),Estudo para manifestação do relator,
2026-10-08T15:56:53,PDL 29/2026,interna,FIN,Relator(a),Estudo para manifestação do relator,
2026-10-08T16:05:48,PL 582/2025,interna,URB,Consultoria,Para análise,
2026-10-08T16:08:18,PL 237/2025,interna,URB,Consultoria,Para análise,
2026-10-08T16:10:38,PL 348/2024,interna,URB,Consultoria,Para análise,
2026-10-08T16:12:37,PL 404/2025,interna,URB,Consultoria,Para análise,
2026-10-08T16:30:30,DOCREC 979/2026,interna,FIN,Presidente da Comissão,Assinar Certidão de Votação,
2026-10-08T16:45:30,PL 1398/2025,interna,CCJ,Procuradoria,Aguardando Manifestação do(a) Relator(a),
2026-10-08T16:45:31,PL 1398/2025,interna,CCJ,Relator(a),Estudo para manifestação do relator,
2026-10-08T16:45:41,PL 266/2024,interna,URB,Secretaria (SGP12),Em Condição de Pauta,
2026-10-08T16:45:41,PL 266/2024,interna,URB,Secretaria (SGP12),Em Condição de Pauta,Prazo de vistas vencido.
2026-10-08T16:47:38,PL 440/2025,interna,URB,Secretaria (SGP12),Em Condição de Pauta,
2026-10-08T16:48:34,PL 798/2025,interna,URB,Secretaria (SGP12),Em Condição de Pauta,
2026-10-08T16:48:34,PL 798/2025,interna,URB,Secretaria (SGP12),Em Condição de Pauta,Prazo de vistas vencido.
2026-10-08T16:49:38,PL 948/2025,interna,URB,Secretaria (SGP12),Em Condição de Pauta,
2026-10-08T16:49:38,PL 948/2025,interna,URB,Secretaria (SGP12),Em Condição de Pauta,Prazo de vistas vencido.
2026-10-08T16:50:30,PL 1079/2025,interna,URB,Secretaria (SGP12),Em Condição de Pauta,
2026-10-08T16:50:30,PL 1079/2025,interna,URB,Secretaria (SGP12),Em Condição de Pauta,Prazo de vistas vencido.
2026-10-08T16:51:21,PL 1080/2025,interna,URB,Secretaria (SGP12),Em Condição de Pauta,
2026-10-08T16:51:21,PL 1080/2025,interna,URB,Secretaria (SGP12),Em Condição de Pauta,Prazo de vistas vencido.
2026-10-08T18:06:06,PL 668/2025,interna,ADM,Secretaria (SGP12),Em Condição de Pauta,
2026-10-08T18:07:09,PL 156/2026,interna,ADM,Secretaria (SGP12),Em Condição de Pauta,
2026-10-08T18:27:55,PL 668/2025,interna,ADM,Secretaria (SGP12),Em Condição de Pauta,
2026-10-08T18:27:55,PL 668/2025,interna,ADM,Secretaria (SGP12),Em Condição de Pauta,PRAZO DE VISTAS VENCIDO
2026-10-08T18:28:57,PL 156/2026,interna,ADM,Secretaria (SGP12),Em Condição de Pauta,
2026-10-08T18:28:57,PL 156/2026,interna,ADM,Secretaria (SGP12),Em Condição de Pauta,PRAZO DE VISTAS VENCIDO
2026-10-08T18:34:22,PL 447/2025,interna,ADM,Secretaria (SGP12),Em Condição de Pauta,
2026-10-08T18:34:22,PL 447/2025,interna,ADM,Secretaria (SGP12),Em Condição de Pauta,PRAZO DE VISTAS VENCIDO
2026-10-08T18:34:57,PL 230/2025,interna,ADM,Secretaria (SGP12),Em Condição de Pauta,
2026-10-08T18:34:57,PL 230/2025,interna,ADM,Secretaria (SGP12),Em Condição de Pauta,PRAZO DE VISTAS VENCIDO
2026-10-08T18:35:34,PL 16/2023,interna,ADM,Secretaria (SGP12),Em Condição de Pauta,
2026-10-08T18:35:34,PL 16/2023,interna,ADM,Secretaria (SGP12),Em Condição de Pauta,PRAZO DE VISTAS VENCIDO
2026-10-08T18:36:10,PL 1013/2025,interna,ADM,Secretaria (SGP12),Em Condição de Pauta,
2026-10-08T18:36:10,PL 1013/2025,interna,ADM,Secretaria (SGP12),Em Condição de Pauta,PRAZO DE VISTAS VENCIDO
2026-10-08T19:12:04,PL 657/2026,interna,CCJ,Relator(a),Assinar Pedido de Informação ao Executivo,
2026-10-08T20:38:19,PL 389/2026,interna,CCJ,Procuradoria,Aguardando Manifestação do(a) Relator(a),
2026-10-08T20:38:20,PL 389/2026,interna,CCJ,Relator(a),Estudo para manifestação do relator,
2026-10-08T20:38:20,PL 676/2026,interna,CCJ,Procuradoria,Aguardando Manifestação do(a) Relator(a),
2026-10-08T20:38:21,PL 576/2026,interna,CCJ,Procuradoria,Aguardando Manifestação do(a) Relator(a),
2026-10-08T20:38:21,PL 676/2026,interna,CCJ,Relator(a),Estudo para manifestação do relator,
2026-10-08T20:38:22,PL 576/2026,interna,CCJ,Relator(a),Estudo para manifestação do relator,
2026-10-08T20:38:22,PL 588/2026,interna,CCJ,Procuradoria,Aguardando Manifestação do(a) Relator(a),
2026-10-08T20:38:23,PL 527/2026,interna,CCJ,Procuradoria,Aguardando Manifestação do(a) Relator(a),
2026-10-08T20:38:23,PL 527/2026,interna,CCJ,Relator(a),Estudo para manifestação do relator,
2026-10-08T20:38:23,PL 588/2026,interna,CCJ,Relator(a),Estudo para manifestação do relator,
2026-10-08T20:38:24,PL 708/2026,interna,CCJ,Procuradoria,Aguardando Manifestação do(a) Relator(a),
2026-10-08T20:38:24,PL 708/2026,interna,CCJ,Relator(a),Estudo para manifestação do relator,
2026-10-08T20:38:25,PL 390/2026,interna,CCJ,Procuradoria,Aguardando Manifestação do(a) Relator(a),
2026-10-08T20:38:25,PL 390/2026,interna,CCJ,Relator(a),Estudo para manifestação do relator,
2026-10-09T11:42:00,PL 585/2026,interna,CCJ,Presidente da Comissão,Designar Relator,
2026-10-09T11:42:00,PL 621/2026,interna,CCJ,Presidente da Comissão,Designar Relator,
2026-10-09T11:42:00,PL 716/2026,interna,CCJ,Presidente da Comissão,Designar Relator,
2026-10-09T11:42:00,PL 717/2026,interna,CCJ,Presidente da Comissão,Designar Relator,
2026-10-09T11:42:00,PL 718/2026,interna,CCJ,Presidente da Comissão,Designar Relator,
2026-10-09T11:42:00,PL 719/2026,interna,CCJ,Presidente da Comissão,Designar Relator,
2026-10-09T11:42:00,PL 720/2026,interna,CCJ,Presidente da Comissão,Designar Relator,
2026-10-09T11:42:00,PL 723/2026,interna,CCJ,Presidente da Comissão,Designar Relator,
2026-10-09T11:42:00,PL 725/2026,interna,CCJ,Presidente da Comissão,Designar Relator,
2026-10-09T11:42:00,PL 729/2026,interna,CCJ,Presidente da Comissão,Designar Relator,
2026-10-09T11:42:00,PL 730/2026,interna,CCJ,Presidente da Comissão,Designar Relator,
2026-10-09T11:42:00,PL 731/2026,interna,CCJ,Presidente da Comissão,Designar Relator,
2026-10-09T11:42:00,PL 732/2026,interna,CCJ,Presidente da Comissão,Designar Relator,
2026-10-09T11:42:00,PL 733/2026,interna,CCJ,Presidente da Comissão,Designar Relator,
2026-10-09T11:42:00,PL 734/2026,interna,CCJ,Presidente da Comissão,Designar Relator,
2026-10-09T11:42:00,PL 737/2026,interna,CCJ,Presidente da Comissão,Designar Relator,
2026-10-09T11:42:00,PL 738/2026,interna,CCJ,Presidente da Comissão,Designar Relator,
2026-10-09T11:42:00,PL 739/2026,interna,CCJ,Presidente da Comissão,Designar Relator,
2026-10-09T11:42:00,PL 740/2026,interna,CCJ,Presidente da Comissão,Designar Relator,
2026-10-09T11:42:00,PL 741/2026,interna,CCJ,Presidente da Comissão,Designar Relator,
2026-10-09T11:42:00,PL 749/2026,interna,CCJ,Presidente da Comissão,Designar Relator,
2026-10-09T11:42:00,PL 753/2026,interna,CCJ,Presidente da Comissão,Designar Relator,
2026-10-09T11:42:00,PL 754/2026,interna,CCJ,Presidente da Comissão,Designar Relator,
2026-10-09T11:42:00,PL 755/2026,interna,CCJ,Presidente da Comissão,Designar Relator,
2026-10-09T11:42:00,PL 756/2026,interna,CCJ,Presidente da Comissão,Designar Relator,
2026-10-09T11:49:38,PL 1558/2025,interna,CCJ,Procuradoria,Aguardando Manifestação do(a) Relator(a),
2026-10-09T11:49:39,PL 1558/2025,interna,CCJ,Relator(a),Estudo para manifestação do relator,
2026-10-09T11:49:39,PL 736/2026,interna,CCJ,Procuradoria,Aguardando Manifestação do(a) Relator(a),
2026-10-09T11:49:40,PL 736/2026,interna,CCJ,Relator(a),Estudo para manifestação do relator,
2026-10-09T12:04:00,PL 726/2026,interna,CCJ,Presidente da Comissão,Designar Relator,
2026-10-09T13:38:30,PL 38/2026,interna,FIN,Consultoria (CTEO.1),Elaborar Minuta de Relatório,
2026-10-09T14:21:59,PL 425/2023,interna,FIN,Secretaria (SGP12),Em Condição de Pauta,
2026-10-09T14:21:59,PL 425/2023,interna,FIN,Secretaria (SGP12),Em Condição de Pauta,PRAZO DE VISTAS VENCIDO. ADIADO POR 2 ROs DE OFÍCIO PELO VER. JOÃO ANANIAS.
2026-10-09T14:28:13,PL 288/2026,interna,URB,Relator(a),Estudo para manifestação do relator,
2026-10-09T14:44:54,PL 562/2026,interna,CCJ,Procuradoria,Aguardando Manifestação do(a) Relator(a),
2026-10-09T14:44:55,PL 562/2026,interna,CCJ,Relator(a),Estudo para manifestação do relator,
2026-10-09T16:53:25,PL 687/2026,interna,CCJ,Presidente da Comissão,Assinar Pedido de Informação ao Executivo,
