data,rotulo,tipo,de,para,motivo
2026-10-01T12:16:00,PL 752/2026,envio,SGP22,FIN,Obs: Art. 330 do Regimento Interno.
2026-10-07T10:07:00,PL 775/2025,envio,CCJ,SGP21,Motivo: Com pareceres publicados. Obs: Promulgado.
2026-10-07T18:31:25,PL 674/2026,envio,EDUC,TRAMITAÇÃO ENCERRADA,Motivo: APENSADO.
2026-10-09T10:29:00,PL 585/2026,envio,PROC-CMSP,CCJ,Motivo: Para apreciação pelas Comissões.
2026-10-09T10:29:00,PL 596/2026,envio,PROC-CMSP,CCJ,Motivo: Para apreciação pelas Comissões.
2026-10-09T10:29:00,PL 621/2026,envio,PROC-CMSP,CCJ,Motivo: Para apreciação pelas Comissões.
2026-10-09T10:29:00,PL 716/2026,envio,PROC-CMSP,CCJ,Motivo: Para apreciação pelas Comissões.
2026-10-09T10:29:00,PL 717/2026,envio,PROC-CMSP,CCJ,Motivo: Para apreciação pelas Comissões.
2026-10-09T10:29:00,PL 718/2026,envio,PROC-CMSP,CCJ,Motivo: Para apreciação pelas Comissões.
2026-10-09T10:29:00,PL 719/2026,envio,PROC-CMSP,CCJ,Motivo: Para apreciação pelas Comissões.
2026-10-09T10:29:00,PL 720/2026,envio,PROC-CMSP,CCJ,Motivo: Para apreciação pelas Comissões.
2026-10-09T10:29:00,PL 723/2026,envio,PROC-CMSP,CCJ,Motivo: Para apreciação pelas Comissões.
2026-10-09T10:29:00,PL 725/2026,envio,PROC-CMSP,CCJ,Motivo: Para apreciação pelas Comissões.
2026-10-09T10:29:00,PL 726/2026,envio,PROC-CMSP,CCJ,Motivo: Para apreciação pelas Comissões.
2026-10-09T10:29:00,PL 729/2026,envio,PROC-CMSP,CCJ,Motivo: Para apreciação pelas Comissões.
2026-10-09T10:29:00,PL 730/2026,envio,PROC-CMSP,CCJ,Motivo: Para apreciação pelas Comissões.
2026-10-09T10:29:00,PL 731/2026,envio,PROC-CMSP,CCJ,Motivo: Para apreciação pelas Comissões.
2026-10-09T10:29:00,PL 732/2026,envio,PROC-CMSP,CCJ,Motivo: Para apreciação pelas Comissões.
2026-10-09T10:29:00,PL 733/2026,envio,PROC-CMSP,CCJ,Motivo: Para apreciação pelas Comissões.
2026-10-09T10:29:00,PL 734/2026,envio,PROC-CMSP,CCJ,Motivo: Para apreciação pelas Comissões.
2026-10-09T10:29:00,PL 737/2026,envio,PROC-CMSP,CCJ,Motivo: Para apreciação pelas Comissões.
2026-10-09T10:29:00,PL 738/2026,envio,PROC-CMSP,CCJ,Motivo: Para apreciação pelas Comissões.
2026-10-09T10:29:00,PL 739/2026,envio,PROC-CMSP,CCJ,Motivo: Para apreciação pelas Comissões.
2026-10-09T10:29:00,PL 740/2026,envio,PROC-CMSP,CCJ,Motivo: Para apreciação pelas Comissões.
2026-10-09T10:29:00,PL 741/2026,envio,PROC-CMSP,CCJ,Motivo: Para apreciação pelas Comissões.
2026-10-09T10:29:00,PL 749/2026,envio,PROC-CMSP,CCJ,Motivo: Para apreciação pelas Comissões.
2026-10-09T10:29:00,PL 753/2026,envio,PROC-CMSP,CCJ,Motivo: Para apreciação pelas Comissões.
2026-10-09T10:29:00,PL 754/2026,envio,PROC-CMSP,CCJ,Motivo: Para apreciação pelas Comissões.
2026-10-09T10:29:00,PL 755/2026,envio,PROC-CMSP,CCJ,Motivo: Para apreciação pelas Comissões.
2026-10-09T10:29:00,PL 756/2026,envio,PROC-CMSP,CCJ,Motivo: Para apreciação pelas Comissões.
2026-10-09T10:51:22,PDL 64/2026,envio,EDUC,FIN,
2026-10-09T10:51:23,PDL 65/2026,envio,EDUC,FIN,
2026-10-09T10:51:24,PDL 80/2026,envio,EDUC,FIN,
2026-10-09T10:51:25,PDL 94/2026,envio,EDUC,FIN,
2026-10-09T10:51:25,PL 41/2026,envio,EDUC,FIN,
2026-10-09T10:51:26,PL 49/2026,envio,EDUC,FIN,
2026-10-09T10:51:27,PL 153/2026,envio,EDUC,FIN,
2026-10-09T10:51:28,PL 321/2026,envio,EDUC,FIN,
2026-10-09T10:51:29,PL 330/2021,envio,EDUC,FIN,
2026-10-09T10:51:31,PL 338/2024,envio,EDUC,FIN,
2026-10-09T10:51:32,PL 493/2026,envio,EDUC,FIN,
2026-10-09T10:51:33,PL 555/2025,envio,EDUC,FIN,
2026-10-09T10:51:34,PL 579/2026,envio,EDUC,FIN,
2026-10-09T10:51:35,PL 702/2025,envio,EDUC,FIN,
2026-10-09T10:51:36,PL 1009/2025,envio,EDUC,FIN,
2026-10-09T10:51:37,PL 1023/2025,envio,EDUC,FIN,
2026-10-09T10:51:38,PL 1108/2025,envio,EDUC,FIN,
2026-10-09T10:51:39,PL 1141/2025,envio,EDUC,FIN,
2026-10-09T10:52:48,PL 1273/2025,envio,EDUC,FIN,
2026-10-09T10:52:49,PL 1305/2025,envio,EDUC,FIN,
2026-10-09T10:52:50,PLO 6/2025,envio,EDUC,SAUDE,
2026-10-09T11:54:11,PL 596/2026,excl_envio,PROC-CMSP,CCJ,
